cluster,median_hh_inc_2021,median_hh_inc_2020,median_hh_inc_2018,median_hh_inc_2017,n_clients
0,58961.521077283374,54748.71077283372,48239.5831381733,45913.62295081967,854
1,49031.32738095238,47665.01488095238,50014.78869047619,49552.04761904762,336
2,59480.243340163935,56390.32377049181,53315.096823770495,51469.19108606558,1952
